{
  "banknote": {
    "gs": {
      "accu": 0.9782608695652174,
      "cm": [
        [
          74,
          3
        ],
        [
          0,
          61
        ]
      ],
      "l_pos": 125.0,
      "l_neg": 125.0
    },
    "mc": {
      "accu": 0.9855072463768116,
      "cm": [
        [
          75,
          2
        ],
        [
          0,
          61
        ]
      ],
      "l_pos": 125.0,
      "l_neg": 125.0
    },
    "steuer": {
      "accu": 0.9855072463768116,
      "cm": [
        [
          75,
          2
        ],
        [
          0,
          61
        ]
      ],
      "l_pos": 1.7741935483870965,
      "l_neg": 1.8709677419354838,
      "iter": 1
    }
  },
  "breast_cancer": {
    "gs": {
      "accu": 0.9298245614035088,
      "cm": [
        [
          34,
          1
        ],
        [
          3,
          19
        ]
      ],
      "l_pos": 1.0,
      "l_neg": 1.0
    },
    "mc": {
      "accu": 0.9824561403508771,
      "cm": [
        [
          34,
          1
        ],
        [
          0,
          22
        ]
      ],
      "l_pos": 0.2,
      "l_neg": 0.2
    },
    "steuer": {
      "accu": 0.9473684210526315,
      "cm": [
        [
          35,
          0
        ],
        [
          3,
          19
        ]
      ],
      "l_pos": 0.7647058823529415,
      "l_neg": 1.058823529411765,
      "iter": 1
    }
  },
  "rice": {
    "gs": {
      "accu": 0.9396325459317585,
      "cm": [
        [
          220,
          8
        ],
        [
          15,
          138
        ]
      ],
      "l_pos": 1.0,
      "l_neg": 1.0
    },
    "mc": {
      "accu": 0.9396325459317585,
      "cm": [
        [
          220,
          8
        ],
        [
          15,
          138
        ]
      ],
      "l_pos": 0.2,
      "l_neg": 0.2
    },
    "steuer": {
      "accu": 0.9396325459317585,
      "cm": [
        [
          220,
          8
        ],
        [
          15,
          138
        ]
      ],
      "l_pos": 1.2999999999999998,
      "l_neg": 1.2999999999999998,
      "iter": 3
    }
  }
}